City,Avg_AQI
Aizawl,34.765765765765764
Shillong,53.795121951219514
Coimbatore,73.02325581395348
Thiruvananthapuram,75.87832699619771
Ernakulam,92.359477124183
Bengaluru,94.31832460732984
Amaravati,95.29964328180738
Chandigarh,96.49832775919732
Kochi,104.28481012658227
Mumbai,105.35225806451614
